Biotechnology;599;1.12T;0.04%;-;-39.29%;1.32%;73.83%
Banks - Regional;332;2.02T;2.07%;13.81;27.44%;2.11%;35.71%
Software - Application;230;2.28T;0.32%;33.39;15.48%;0.54%;-18.06%
Shell Companies;228;62.89B;-;1,244.25;16.82%;-0.02%;1.71%
Software - Infrastructure;160;5.07T;0.22%;33.66;25.99%;-0.46%;6.23%
Medical Devices;141;940.98B;0.32%;61.05;6.33%;-0.21%;-2.46%
Asset Management;137;1.26T;3.55%;29.50;12.05%;0.13%;-4.93%
Capital Markets;89;1.22T;1.24%;23.85;11.75%;-0.27%;43.31%
Drug Manufacturers - Specialty & Generic;82;348.87B;0.34%;84.72;3.01%;1.56%;1,121.87%
Aerospace & Defense;77;1.81T;1.39%;47.69;7.05%;-0.69%;49.75%
Specialty Industrial Machinery;76;1.22T;0.83%;38.26;10.91%;1.83%;35.60%
Oil & Gas Exploration & Production;76;649.68B;2.53%;15.24;14.74%;-2.52%;2.85%
Internet Content & Information;72;6.24T;0.93%;32.42;27.99%;0.80%;45.78%
Information Technology Services;69;869.43B;0.97%;28.70;7.08%;1.69%;2.08%
Semiconductors;69;9.98T;0.63%;46.64;31.15%;1.21%;74.92%
Packaged Foods;66;235.50B;2.39%;39.27;1.99%;-0.60%;-12.32%
Specialty Chemicals;58;686.42B;1.66%;59.95;4.11%;0.69%;4.73%
Medical Instruments & Supplies;57;527.19B;0.49%;55.14;6.60%;-0.57%;-11.89%
Oil & Gas Midstream;56;853.75B;4.31%;18.78;9.62%;-1.44%;4.70%
Restaurants;56;577.30B;0.92%;34.05;9.71%;0.27%;-1.32%
Auto Parts;55;309.91B;0.44%;41.59;2.62%;0.36%;20.19%
Engineering & Construction;54;399.35B;0.22%;25.67;7.62%;1.14%;66.24%
Credit Services;54;1.72T;1.17%;26.56;23.15%;2.03%;1.20%
Telecom Services;52;1.12T;3.96%;15.80;8.51%;-0.01%;21.06%
Medical Care Facilities;51;237.61B;0.49%;18.81;5.17%;0.96%;34.17%
Oil & Gas Equipment & Services;50;283.13B;1.23%;22.49;7.79%;0.36%;27.68%
Diagnostics & Research;49;784.70B;0.20%;49.89;9.38%;-0.04%;12.39%
Gold;49;721.96B;0.76%;27.19;26.01%;-1.66%;153.01%
Specialty Retail;49;201.70B;1.11%;26.78;3.92%;2.38%;14.73%
Entertainment;49;874.00B;0.57%;32.08;8.39%;-1.62%;8.48%
Health Information Services;47;97.18B;0.23%;-;-2.62%;0.50%;-4.72%
Electrical Equipment & Parts;47;213.28B;0.51%;-;-3.83%;1.94%;146.19%
Electronic Components;47;512.79B;0.33%;43.53;7.20%;2.81%;97.25%
Specialty Business Services;46;359.33B;0.84%;29.60;9.14%;-0.36%;-10.74%
Insurance - Property & Casualty;46;578.06B;0.93%;11.21;12.16%;-0.34%;7.32%
Other Industrial Metals & Mining;46;479.74B;0.99%;20.63;14.46%;0.77%;67.59%
Communication Equipment;45;683.30B;0.40%;39.05;9.28%;2.78%;84.95%
Real Estate Services;45;163.31B;0.82%;59.46;2.09%;-;20.26%
Education & Training Services;43;57.98B;0.62%;24.69;6.54%;1.75%;13.86%
Utilities - Regulated Electric;42;1.32T;3.21%;18.94;13.61%;-1.07%;17.33%
REIT - Mortgage;41;82.06B;11.60%;14.56;36.81%;-0.46%;1.82%
Advertising Agencies;40;224.80B;0.71%;45.32;8.06%;1.48%;69.35%
Internet Retail;39;3.58T;0.13%;30.45;9.42%;1.41%;10.49%
Marine Shipping;39;38.69B;8.58%;9.18;13.02%;0.66%;28.44%
Computer Hardware;38;647.16B;0.46%;45.83;6.08%;4.75%;105.62%
Building Products & Equipment;37;355.57B;0.96%;26.51;9.39%;1.35%;11.60%
Leisure;33;81.55B;1.01%;-;-5.50%;1.64%;20.58%
Furnishings, Fixtures & Appliances;33;67.28B;1.45%;30.45;3.30%;1.75%;13.10%
Scientific & Technical Instruments;32;234.79B;0.39%;40.82;11.00%;2.41%;36.38%
Household & Personal Products;31;746.14B;2.47%;26.65;10.57%;0.78%;-2.90%
Apparel Retail;31;311.94B;0.71%;25.77;7.40%;0.91%;15.14%
Integrated Freight & Logistics;31;272.63B;1.67%;20.32;5.28%;2.63%;21.06%
Semiconductor Equipment & Materials;30;1.46T;0.38%;46.86;23.89%;1.39%;109.83%
Auto Manufacturers;30;2.23T;0.98%;77.94;2.42%;-0.53%;8.80%
REIT - Retail;28;236.22B;5.69%;36.83;23.60%;-0.32%;5.46%
Auto & Truck Dealerships;27;167.82B;0.60%;31.53;2.26%;2.52%;32.64%
Farm & Heavy Construction Machinery;26;579.42B;1.10%;30.51;9.26%;2.79%;51.90%
Conglomerates;25;257.79B;0.40%;28.74;7.81%;-0.24%;7.53%
Consulting Services;24;80.37B;0.76%;28.50;9.28%;-0.79%;-21.45%
Insurance Brokers;24;316.80B;1.18%;27.12;13.48%;-0.55%;-13.97%
Packaging & Containers;24;165.44B;2.65%;32.51;3.01%;0.54%;-3.44%
Steel;24;191.87B;1.39%;31.54;2.45%;2.31%;57.26%
Apparel Manufacturing;24;69.02B;1.61%;24.13;4.55%;1.07%;10.47%
Industrial Distribution;23;271.27B;1.38%;37.07;4.96%;1.62%;18.92%
Solar;23;59.83B;0.24%;-;-6.73%;0.05%;70.12%
Electronic Gaming & Multimedia;23;224.72B;0.55%;174.26;3.29%;1.63%;27.40%
Security & Protection Services;22;45.32B;1.34%;20.20;9.37%;0.71%;14.42%
Drug Manufacturers - General;21;3.89T;1.67%;24.89;21.09%;8.88%;35.86%
Farm Products;21;89.50B;3.48%;24.78;1.64%;0.13%;28.83%
Rental & Leasing Services;21;175.39B;1.02%;28.03;6.41%;1.25%;35.61%
Utilities - Renewable;21;95.15B;1.50%;-;-11.95%;0.94%;92.18%
REIT - Residential;21;179.38B;4.59%;25.97;26.76%;-1.16%;-10.26%
REIT - Office;21;55.29B;9.44%;-;-7.05%;-0.88%;-20.22%
Residential Construction;21;174.04B;0.12%;12.25;9.03%;0.13%;-0.05%
Waste Management;20;238.46B;0.64%;30.00;11.62%;-0.13%;0.06%
Travel Services;20;515.02B;0.74%;22.54;17.29%;3.15%;14.72%
Insurance - Life;19;321.74B;2.14%;12.88;9.77%;0.58%;18.46%
Consumer Electronics;19;4.03T;0.56%;32.16;22.97%;2.12%;12.02%
Banks - Diversified;19;3.76T;2.59%;15.11;26.68%;1.23%;45.70%
Oil & Gas Integrated;19;1.93T;5.73%;12.20;6.99%;-1.52%;23.16%
Airlines;18;194.77B;1.21%;14.60;4.68%;3.91%;29.48%
Chemicals;18;41.92B;2.10%;-;-8.50%;3.19%;-21.20%
Beverages - Non-Alcoholic;18;766.69B;1.84%;27.35;12.17%;0.49%;19.00%
REIT - Specialty;18;365.77B;3.36%;60.38;10.33%;-1.12%;-5.06%
Staffing & Employment Services;18;16.53B;3.64%;141.50;0.23%;0.76%;-28.23%
Resorts & Casinos;18;93.63B;2.52%;29.94;3.78%;2.19%;9.66%
Oil & Gas Refining & Marketing;18;215.78B;3.69%;51.47;0.72%;-0.43%;24.30%
Insurance - Specialty;17;75.10B;2.79%;13.98;12.87%;0.40%;-2.69%
Pollution & Treatment Controls;17;45.44B;0.40%;41.82;10.64%;1.80%;11.74%
Metal Fabrication;17;67.47B;0.54%;39.17;7.40%;-0.52%;65.27%
Recreational Vehicles;17;33.45B;2.17%;68.62;1.08%;0.81%;24.78%
REIT - Industrial;17;273.89B;4.78%;35.93;23.61%;-0.79%;-0.17%
REIT - Diversified;16;57.63B;6.35%;18.61;32.89%;-0.83%;2.85%
REIT - Healthcare Facilities;16;228.44B;4.22%;138.25;6.16%;-0.56%;31.93%
REIT - Hotel & Motel;16;32.93B;4.98%;67.38;2.10%;0.62%;-3.21%
Trucking;16;99.88B;0.54%;48.40;3.67%;5.92%;-2.80%
Utilities - Regulated Gas;16;102.40B;3.11%;22.03;10.44%;-0.05%;16.93%
Building Materials;16;216.94B;0.57%;26.19;10.20%;1.32%;24.13%
Real Estate - Development;15;13.82B;0.54%;24.11;6.11%;-0.20%;2.03%
Footwear & Accessories;15;141.79B;0.96%;33.52;5.93%;0.17%;-21.34%
Other Precious Metals & Mining;15;52.83B;0.27%;114.27;4.69%;-2.99%;236.85%
Financial Data & Stock Exchanges;15;667.57B;1.27%;30.42;30.66%;-0.24%;4.34%
Agricultural Inputs;14;119.84B;3.22%;22.42;6.78%;-0.57%;12.19%
Broadcasting;14;16.40B;3.47%;-;-0.21%;0.01%;13.62%
Personal Services;14;57.10B;1.01%;25.26;12.45%;-0.67%;9.86%
Gambling;13;64.53B;0.45%;105.86;1.91%;-0.15%;-23.35%
Food Distribution;13;82.46B;0.90%;29.77;1.17%;-0.25%;14.79%
Utilities - Regulated Water;13;65.30B;2.76%;18.18;21.11%;-0.70%;24.58%
Mortgage Finance;13;71.30B;2.11%;202.20;2.21%;4.27%;36.09%
Medical Distribution;12;236.54B;0.50%;39.17;0.62%;1.12%;47.41%
Lodging;12;220.47B;0.89%;34.41;22.82%;0.78%;12.16%
Railroads;12;443.28B;1.67%;21.22;22.84%;-0.69%;0.97%
Grocery Stores;11;61.35B;1.50%;31.18;0.75%;-0.48%;-8.86%
Uranium;11;86.87B;0.04%;-;-7.16%;-3.21%;147.08%
Beverages - Wineries & Distilleries;11;64.90B;3.31%;21.64;11.78%;-1.61%;-22.66%
Healthcare Plans;11;568.38B;1.93%;27.13;1.26%;-0.29%;-21.92%
Luxury Goods;11;36.91B;1.37%;-;-1.89%;1.24%;58.48%
Tobacco;11;519.45B;3.23%;26.20;19.98%;-0.23%;37.16%
Insurance - Diversified;10;1.22T;-;14.62;16.57%;0.64%;4.60%
Tools & Accessories;10;82.49B;1.39%;27.64;7.65%;1.10%;18.31%
Discount Stores;9;1.54T;0.85%;45.06;2.89%;2.91%;18.42%
Oil & Gas Drilling;9;24.78B;1.19%;-;-13.51%;0.41%;10.09%
Utilities - Independent Power Producers;9;220.49B;0.80%;37.57;7.46%;-2.22%;10.65%
Beverages - Brewers;8;268.42B;2.48%;37.50;4.54%;0.35%;33.56%
Utilities - Diversified;8;106.75B;4.01%;20.12;7.62%;-0.54%;11.57%
Electronics & Computer Distribution;8;30.74B;0.69%;16.83;1.40%;1.37%;7.34%
Airports & Air Services;8;45.41B;6.75%;200.65;2.93%;0.39%;38.02%
Publishing;8;23.73B;1.92%;23.27;7.38%;0.34%;12.95%
Insurance - Reinsurance;7;46.09B;1.51%;12.45;6.33%;0.62%;6.10%
Home Improvement Retail;7;533.26B;2.11%;24.70;8.39%;0.47%;-5.66%
Pharmaceutical Retailers;7;381.81M;-;-;-23.59%;0.45%;-20.45%
Coking Coal;6;10.75B;0.35%;-;-0.50%;-1.55%;58.74%
Thermal Coal;6;14.70B;2.12%;62.43;2.17%;-1.55%;28.52%
Lumber & Wood Production;6;21.94B;1.08%;37.56;2.78%;1.11%;-10.66%
Copper;6;261.25B;1.38%;37.09;16.60%;0.28%;107.71%
Financial Conglomerates;6;51.34B;1.03%;13.03;11.82%;-0.08%;29.82%
Business Equipment & Supplies;5;1.55B;4.62%;-;-10.44%;2.07%;-23.37%
Silver;5;16.77B;0.09%;-;-1.48%;-3.46%;223.26%
Paper & Paper Products;5;13.99B;2.74%;10.22;8.26%;-1.00%;-18.40%
Confectioners;5;118.33B;2.65%;23.86;9.94%;0.51%;11.91%
Aluminum;4;24.82B;1.34%;17.32;5.40%;2.86%;89.56%
Textile Manufacturing;4;1.75B;1.74%;-;-4.70%;2.05%;-30.73%
Department Stores;4;21.01B;4.74%;16.92;2.75%;4.19%;27.12%
Infrastructure Operations;2;1.03B;-;126.24;1.89%;-3.02%;-3.48%
Real Estate - Diversified;2;4.11B;0.65%;42.54;18.54%;1.16%;40.03%