symbol,universe,sector_id,industry_id,rates,inflation,growth,liquidity,credit_stress,geopolitics,energy_supply,trade_controls,regulation,risk_appetite
NVDA,sp500,,,0.2,0.2,0.2,0.2,0.2,0.2,0.2,0.2,0.2,0.2
AAPL,sp500,,,0.2,0.2,0.2,0.2,0.2,0.2,0.2,0.2,0.2,0.2
MSFT,sp500,,,0.2,0.2,0.2,0.2,0.2,0.2,0.2,0.2,0.2,0.2
AMZN,sp500,,,0.2,0.2,0.2,0.2,0.2,0.2,0.2,0.2,0.2,0.2
GOOGL,sp500,,,0.2,0.2,0.2,0.2,0.2,0.2,0.2,0.2,0.2,0.2
GOOG,sp500,,,0.2,0.2,0.2,0.2,0.2,0.2,0.2,0.2,0.2,0.2
META,sp500,,,0.2,0.2,0.2,0.2,0.2,0.2,0.2,0.2,0.2,0.2
TSLA,sp500,,,0.2,0.2,0.2,0.2,0.2,0.2,0.2,0.2,0.2,0.2
AVGO,sp500,,,0.2,0.2,0.2,0.2,0.2,0.2,0.2,0.2,0.2,0.2
BRK.B,sp500,,,0.2,0.2,0.2,0.2,0.2,0.2,0.2,0.2,0.2,0.2
WMT,sp500,,,0.2,0.2,0.2,0.2,0.2,0.2,0.2,0.2,0.2,0.2
LLY,sp500,,,0.2,0.2,0.2,0.2,0.2,0.2,0.2,0.2,0.2,0.2
JPM,sp500,,,0.2,0.2,0.2,0.2,0.2,0.2,0.2,0.2,0.2,0.2
V,sp500,,,0.2,0.2,0.2,0.2,0.2,0.2,0.2,0.2,0.2,0.2
XOM,sp500,,,0.2,0.2,0.2,0.2,0.2,0.2,0.2,0.2,0.2,0.2
JNJ,sp500,,,0.2,0.2,0.2,0.2,0.2,0.2,0.2,0.2,0.2,0.2
ORCL,sp500,,,0.2,0.2,0.2,0.2,0.2,0.2,0.2,0.2,0.2,0.2
MA,sp500,,,0.2,0.2,0.2,0.2,0.2,0.2,0.2,0.2,0.2,0.2
MU,sp500,,,0.2,0.2,0.2,0.2,0.2,0.2,0.2,0.2,0.2,0.2
COST,sp500,,,0.2,0.2,0.2,0.2,0.2,0.2,0.2,0.2,0.2,0.2
ABBV,sp500,,,0.2,0.2,0.2,0.2,0.2,0.2,0.2,0.2,0.2,0.2
AMD,sp500,,,0.2,0.2,0.2,0.2,0.2,0.2,0.2,0.2,0.2,0.2
BAC,sp500,,,0.2,0.2,0.2,0.2,0.2,0.2,0.2,0.2,0.2,0.2
HD,sp500,,,0.2,0.2,0.2,0.2,0.2,0.2,0.2,0.2,0.2,0.2
PLTR,sp500,,,0.2,0.2,0.2,0.2,0.2,0.2,0.2,0.2,0.2,0.2
PG,sp500,,,0.2,0.2,0.2,0.2,0.2,0.2,0.2,0.2,0.2,0.2
NFLX,sp500,,,0.2,0.2,0.2,0.2,0.2,0.2,0.2,0.2,0.2,0.2
CVX,sp500,,,0.2,0.2,0.2,0.2,0.2,0.2,0.2,0.2,0.2,0.2
KO,sp500,,,0.2,0.2,0.2,0.2,0.2,0.2,0.2,0.2,0.2,0.2
GE,sp500,,,0.2,0.2,0.2,0.2,0.2,0.2,0.2,0.2,0.2,0.2
CSCO,sp500,,,0.2,0.2,0.2,0.2,0.2,0.2,0.2,0.2,0.2,0.2
CAT,sp500,,,0.2,0.2,0.2,0.2,0.2,0.2,0.2,0.2,0.2,0.2
MS,sp500,,,0.2,0.2,0.2,0.2,0.2,0.2,0.2,0.2,0.2,0.2
IBM,sp500,,,0.2,0.2,0.2,0.2,0.2,0.2,0.2,0.2,0.2,0.2
LRCX,sp500,,,0.2,0.2,0.2,0.2,0.2,0.2,0.2,0.2,0.2,0.2
GS,sp500,,,0.2,0.2,0.2,0.2,0.2,0.2,0.2,0.2,0.2,0.2
WFC,sp500,,,0.2,0.2,0.2,0.2,0.2,0.2,0.2,0.2,0.2,0.2
PM,sp500,,,0.2,0.2,0.2,0.2,0.2,0.2,0.2,0.2,0.2,0.2
MRK,sp500,,,0.2,0.2,0.2,0.2,0.2,0.2,0.2,0.2,0.2,0.2
RTX,sp500,,,0.2,0.2,0.2,0.2,0.2,0.2,0.2,0.2,0.2,0.2
UNH,sp500,,,0.2,0.2,0.2,0.2,0.2,0.2,0.2,0.2,0.2,0.2
AMAT,sp500,,,0.2,0.2,0.2,0.2,0.2,0.2,0.2,0.2,0.2,0.2
AXP,sp500,,,0.2,0.2,0.2,0.2,0.2,0.2,0.2,0.2,0.2,0.2
INTC,sp500,,,0.2,0.2,0.2,0.2,0.2,0.2,0.2,0.2,0.2,0.2
MCD,sp500,,,0.2,0.2,0.2,0.2,0.2,0.2,0.2,0.2,0.2,0.2
TMUS,sp500,,,0.2,0.2,0.2,0.2,0.2,0.2,0.2,0.2,0.2,0.2
TMO,sp500,,,0.2,0.2,0.2,0.2,0.2,0.2,0.2,0.2,0.2,0.2
LIN,sp500,,,0.2,0.2,0.2,0.2,0.2,0.2,0.2,0.2,0.2,0.2
PEP,sp500,,,0.2,0.2,0.2,0.2,0.2,0.2,0.2,0.2,0.2,0.2
C,sp500,,,0.2,0.2,0.2,0.2,0.2,0.2,0.2,0.2,0.2,0.2
CRM,sp500,,,0.2,0.2,0.2,0.2,0.2,0.2,0.2,0.2,0.2,0.2
GEV,sp500,,,0.2,0.2,0.2,0.2,0.2,0.2,0.2,0.2,0.2,0.2
TXN,sp500,,,0.2,0.2,0.2,0.2,0.2,0.2,0.2,0.2,0.2,0.2
DIS,sp500,,,0.2,0.2,0.2,0.2,0.2,0.2,0.2,0.2,0.2,0.2
ABT,sp500,,,0.2,0.2,0.2,0.2,0.2,0.2,0.2,0.2,0.2,0.2
KLAC,sp500,,,0.2,0.2,0.2,0.2,0.2,0.2,0.2,0.2,0.2,0.2
VZ,sp500,,,0.2,0.2,0.2,0.2,0.2,0.2,0.2,0.2,0.2,0.2
SCHW,sp500,,,0.2,0.2,0.2,0.2,0.2,0.2,0.2,0.2,0.2,0.2
T,sp500,,,0.2,0.2,0.2,0.2,0.2,0.2,0.2,0.2,0.2,0.2
AMGN,sp500,,,0.2,0.2,0.2,0.2,0.2,0.2,0.2,0.2,0.2,0.2
NEE,sp500,,,0.2,0.2,0.2,0.2,0.2,0.2,0.2,0.2,0.2,0.2
BA,sp500,,,0.2,0.2,0.2,0.2,0.2,0.2,0.2,0.2,0.2,0.2
ISRG,sp500,,,0.2,0.2,0.2,0.2,0.2,0.2,0.2,0.2,0.2,0.2
ANET,sp500,,,0.2,0.2,0.2,0.2,0.2,0.2,0.2,0.2,0.2,0.2
GILD,sp500,,,0.2,0.2,0.2,0.2,0.2,0.2,0.2,0.2,0.2,0.2
APH,sp500,,,0.2,0.2,0.2,0.2,0.2,0.2,0.2,0.2,0.2,0.2
BLK,sp500,,,0.2,0.2,0.2,0.2,0.2,0.2,0.2,0.2,0.2,0.2
APP,sp500,,,0.2,0.2,0.2,0.2,0.2,0.2,0.2,0.2,0.2,0.2
TJX,sp500,,,0.2,0.2,0.2,0.2,0.2,0.2,0.2,0.2,0.2,0.2
UBER,sp500,,,0.2,0.2,0.2,0.2,0.2,0.2,0.2,0.2,0.2,0.2
ACN,sp500,,,0.2,0.2,0.2,0.2,0.2,0.2,0.2,0.2,0.2,0.2
BKNG,sp500,,,0.2,0.2,0.2,0.2,0.2,0.2,0.2,0.2,0.2,0.2
QCOM,sp500,,,0.2,0.2,0.2,0.2,0.2,0.2,0.2,0.2,0.2,0.2
SPGI,sp500,,,0.2,0.2,0.2,0.2,0.2,0.2,0.2,0.2,0.2,0.2
DHR,sp500,,,0.2,0.2,0.2,0.2,0.2,0.2,0.2,0.2,0.2,0.2
ADI,sp500,,,0.2,0.2,0.2,0.2,0.2,0.2,0.2,0.2,0.2,0.2
PFE,sp500,,,0.2,0.2,0.2,0.2,0.2,0.2,0.2,0.2,0.2,0.2
LOW,sp500,,,0.2,0.2,0.2,0.2,0.2,0.2,0.2,0.2,0.2,0.2
HON,sp500,,,0.2,0.2,0.2,0.2,0.2,0.2,0.2,0.2,0.2,0.2
LMT,sp500,,,0.2,0.2,0.2,0.2,0.2,0.2,0.2,0.2,0.2,0.2
DE,sp500,,,0.2,0.2,0.2,0.2,0.2,0.2,0.2,0.2,0.2,0.2
SYK,sp500,,,0.2,0.2,0.2,0.2,0.2,0.2,0.2,0.2,0.2,0.2
BSX,sp500,,,0.2,0.2,0.2,0.2,0.2,0.2,0.2,0.2,0.2,0.2
INTU,sp500,,,0.2,0.2,0.2,0.2,0.2,0.2,0.2,0.2,0.2,0.2
UNP,sp500,,,0.2,0.2,0.2,0.2,0.2,0.2,0.2,0.2,0.2,0.2
ETN,sp500,,,0.2,0.2,0.2,0.2,0.2,0.2,0.2,0.2,0.2,0.2
COF,sp500,,,0.2,0.2,0.2,0.2,0.2,0.2,0.2,0.2,0.2,0.2
MDT,sp500,,,0.2,0.2,0.2,0.2,0.2,0.2,0.2,0.2,0.2,0.2
WELL,sp500,,,0.2,0.2,0.2,0.2,0.2,0.2,0.2,0.2,0.2,0.2
COP,sp500,,,0.2,0.2,0.2,0.2,0.2,0.2,0.2,0.2,0.2,0.2
NOW,sp500,,,0.2,0.2,0.2,0.2,0.2,0.2,0.2,0.2,0.2,0.2
PANW,sp500,,,0.2,0.2,0.2,0.2,0.2,0.2,0.2,0.2,0.2,0.2
NEM,sp500,,,0.2,0.2,0.2,0.2,0.2,0.2,0.2,0.2,0.2,0.2
PGR,sp500,,,0.2,0.2,0.2,0.2,0.2,0.2,0.2,0.2,0.2,0.2
PLD,sp500,,,0.2,0.2,0.2,0.2,0.2,0.2,0.2,0.2,0.2,0.2
CB,sp500,,,0.2,0.2,0.2,0.2,0.2,0.2,0.2,0.2,0.2,0.2
ADBE,sp500,,,0.2,0.2,0.2,0.2,0.2,0.2,0.2,0.2,0.2,0.2
VRTX,sp500,,,0.2,0.2,0.2,0.2,0.2,0.2,0.2,0.2,0.2,0.2
PH,sp500,,,0.2,0.2,0.2,0.2,0.2,0.2,0.2,0.2,0.2,0.2
BX,sp500,,,0.2,0.2,0.2,0.2,0.2,0.2,0.2,0.2,0.2,0.2
BMY,sp500,,,0.2,0.2,0.2,0.2,0.2,0.2,0.2,0.2,0.2,0.2
HCA,sp500,,,0.2,0.2,0.2,0.2,0.2,0.2,0.2,0.2,0.2,0.2
CRWD,sp500,,,0.2,0.2,0.2,0.2,0.2,0.2,0.2,0.2,0.2,0.2
CMCSA,sp500,,,0.2,0.2,0.2,0.2,0.2,0.2,0.2,0.2,0.2,0.2
SBUX,sp500,,,0.2,0.2,0.2,0.2,0.2,0.2,0.2,0.2,0.2,0.2
CME,sp500,,,0.2,0.2,0.2,0.2,0.2,0.2,0.2,0.2,0.2,0.2
MO,sp500,,,0.2,0.2,0.2,0.2,0.2,0.2,0.2,0.2,0.2,0.2
MCK,sp500,,,0.2,0.2,0.2,0.2,0.2,0.2,0.2,0.2,0.2,0.2
KKR,sp500,,,0.2,0.2,0.2,0.2,0.2,0.2,0.2,0.2,0.2,0.2
CEG,sp500,,,0.2,0.2,0.2,0.2,0.2,0.2,0.2,0.2,0.2,0.2
ICE,sp500,,,0.2,0.2,0.2,0.2,0.2,0.2,0.2,0.2,0.2,0.2
ADP,sp500,,,0.2,0.2,0.2,0.2,0.2,0.2,0.2,0.2,0.2,0.2
SO,sp500,,,0.2,0.2,0.2,0.2,0.2,0.2,0.2,0.2,0.2,0.2
NOC,sp500,,,0.2,0.2,0.2,0.2,0.2,0.2,0.2,0.2,0.2,0.2
GD,sp500,,,0.2,0.2,0.2,0.2,0.2,0.2,0.2,0.2,0.2,0.2
CVS,sp500,,,0.2,0.2,0.2,0.2,0.2,0.2,0.2,0.2,0.2,0.2
DUK,sp500,,,0.2,0.2,0.2,0.2,0.2,0.2,0.2,0.2,0.2,0.2
TT,sp500,,,0.2,0.2,0.2,0.2,0.2,0.2,0.2,0.2,0.2,0.2
MCO,sp500,,,0.2,0.2,0.2,0.2,0.2,0.2,0.2,0.2,0.2,0.2
NKE,sp500,,,0.2,0.2,0.2,0.2,0.2,0.2,0.2,0.2,0.2,0.2
MRSH,sp500,,,0.2,0.2,0.2,0.2,0.2,0.2,0.2,0.2,0.2,0.2
PNC,sp500,,,0.2,0.2,0.2,0.2,0.2,0.2,0.2,0.2,0.2,0.2
WM,sp500,,,0.2,0.2,0.2,0.2,0.2,0.2,0.2,0.2,0.2,0.2
UPS,sp500,,,0.2,0.2,0.2,0.2,0.2,0.2,0.2,0.2,0.2,0.2
GLW,sp500,,,0.2,0.2,0.2,0.2,0.2,0.2,0.2,0.2,0.2,0.2
SNPS,sp500,,,0.2,0.2,0.2,0.2,0.2,0.2,0.2,0.2,0.2,0.2
SHW,sp500,,,0.2,0.2,0.2,0.2,0.2,0.2,0.2,0.2,0.2,0.2
DASH,sp500,,,0.2,0.2,0.2,0.2,0.2,0.2,0.2,0.2,0.2,0.2
RCL,sp500,,,0.2,0.2,0.2,0.2,0.2,0.2,0.2,0.2,0.2,0.2
STX,sp500,,,0.2,0.2,0.2,0.2,0.2,0.2,0.2,0.2,0.2,0.2
SNDK,sp500,,,0.2,0.2,0.2,0.2,0.2,0.2,0.2,0.2,0.2,0.2
USB,sp500,,,0.2,0.2,0.2,0.2,0.2,0.2,0.2,0.2,0.2,0.2
HOOD,sp500,,,0.2,0.2,0.2,0.2,0.2,0.2,0.2,0.2,0.2,0.2
FCX,sp500,,,0.2,0.2,0.2,0.2,0.2,0.2,0.2,0.2,0.2,0.2
MAR,sp500,,,0.2,0.2,0.2,0.2,0.2,0.2,0.2,0.2,0.2,0.2
AMT,sp500,,,0.2,0.2,0.2,0.2,0.2,0.2,0.2,0.2,0.2,0.2
WDC,sp500,,,0.2,0.2,0.2,0.2,0.2,0.2,0.2,0.2,0.2,0.2
ORLY,sp500,,,0.2,0.2,0.2,0.2,0.2,0.2,0.2,0.2,0.2,0.2
EMR,sp500,,,0.2,0.2,0.2,0.2,0.2,0.2,0.2,0.2,0.2,0.2
HWM,sp500,,,0.2,0.2,0.2,0.2,0.2,0.2,0.2,0.2,0.2,0.2
BK,sp500,,,0.2,0.2,0.2,0.2,0.2,0.2,0.2,0.2,0.2,0.2
CRH,sp500,,,0.2,0.2,0.2,0.2,0.2,0.2,0.2,0.2,0.2,0.2
WMB,sp500,,,0.2,0.2,0.2,0.2,0.2,0.2,0.2,0.2,0.2,0.2
MMM,sp500,,,0.2,0.2,0.2,0.2,0.2,0.2,0.2,0.2,0.2,0.2
TDG,sp500,,,0.2,0.2,0.2,0.2,0.2,0.2,0.2,0.2,0.2,0.2
EQIX,sp500,,,0.2,0.2,0.2,0.2,0.2,0.2,0.2,0.2,0.2,0.2
CMI,sp500,,,0.2,0.2,0.2,0.2,0.2,0.2,0.2,0.2,0.2,0.2
CDNS,sp500,,,0.2,0.2,0.2,0.2,0.2,0.2,0.2,0.2,0.2,0.2
ECL,sp500,,,0.2,0.2,0.2,0.2,0.2,0.2,0.2,0.2,0.2,0.2
MNST,sp500,,,0.2,0.2,0.2,0.2,0.2,0.2,0.2,0.2,0.2,0.2
ABNB,sp500,,,0.2,0.2,0.2,0.2,0.2,0.2,0.2,0.2,0.2,0.2
APO,sp500,,,0.2,0.2,0.2,0.2,0.2,0.2,0.2,0.2,0.2,0.2
REGN,sp500,,,0.2,0.2,0.2,0.2,0.2,0.2,0.2,0.2,0.2,0.2
CTAS,sp500,,,0.2,0.2,0.2,0.2,0.2,0.2,0.2,0.2,0.2,0.2
ELV,sp500,,,0.2,0.2,0.2,0.2,0.2,0.2,0.2,0.2,0.2,0.2
GM,sp500,,,0.2,0.2,0.2,0.2,0.2,0.2,0.2,0.2,0.2,0.2
ITW,sp500,,,0.2,0.2,0.2,0.2,0.2,0.2,0.2,0.2,0.2,0.2
DELL,sp500,,,0.2,0.2,0.2,0.2,0.2,0.2,0.2,0.2,0.2,0.2
MDLZ,sp500,,,0.2,0.2,0.2,0.2,0.2,0.2,0.2,0.2,0.2,0.2
FDX,sp500,,,0.2,0.2,0.2,0.2,0.2,0.2,0.2,0.2,0.2,0.2
AON,sp500,,,0.2,0.2,0.2,0.2,0.2,0.2,0.2,0.2,0.2,0.2
CI,sp500,,,0.2,0.2,0.2,0.2,0.2,0.2,0.2,0.2,0.2,0.2
JCI,sp500,,,0.2,0.2,0.2,0.2,0.2,0.2,0.2,0.2,0.2,0.2
CL,sp500,,,0.2,0.2,0.2,0.2,0.2,0.2,0.2,0.2,0.2,0.2
HLT,sp500,,,0.2,0.2,0.2,0.2,0.2,0.2,0.2,0.2,0.2,0.2
SLB,sp500,,,0.2,0.2,0.2,0.2,0.2,0.2,0.2,0.2,0.2,0.2
PWR,sp500,,,0.2,0.2,0.2,0.2,0.2,0.2,0.2,0.2,0.2,0.2
CSX,sp500,,,0.2,0.2,0.2,0.2,0.2,0.2,0.2,0.2,0.2,0.2
COR,sp500,,,0.2,0.2,0.2,0.2,0.2,0.2,0.2,0.2,0.2,0.2
WBD,sp500,,,0.2,0.2,0.2,0.2,0.2,0.2,0.2,0.2,0.2,0.2
MSI,sp500,,,0.2,0.2,0.2,0.2,0.2,0.2,0.2,0.2,0.2,0.2
KMI,sp500,,,0.2,0.2,0.2,0.2,0.2,0.2,0.2,0.2,0.2,0.2
RSG,sp500,,,0.2,0.2,0.2,0.2,0.2,0.2,0.2,0.2,0.2,0.2
NSC,sp500,,,0.2,0.2,0.2,0.2,0.2,0.2,0.2,0.2,0.2,0.2
TFC,sp500,,,0.2,0.2,0.2,0.2,0.2,0.2,0.2,0.2,0.2,0.2
PCAR,sp500,,,0.2,0.2,0.2,0.2,0.2,0.2,0.2,0.2,0.2,0.2
TEL,sp500,,,0.2,0.2,0.2,0.2,0.2,0.2,0.2,0.2,0.2,0.2
AJG,sp500,,,0.2,0.2,0.2,0.2,0.2,0.2,0.2,0.2,0.2,0.2
AEP,sp500,,,0.2,0.2,0.2,0.2,0.2,0.2,0.2,0.2,0.2,0.2
LHX,sp500,,,0.2,0.2,0.2,0.2,0.2,0.2,0.2,0.2,0.2,0.2
SPG,sp500,,,0.2,0.2,0.2,0.2,0.2,0.2,0.2,0.2,0.2,0.2
TRV,sp500,,,0.2,0.2,0.2,0.2,0.2,0.2,0.2,0.2,0.2,0.2
AZO,sp500,,,0.2,0.2,0.2,0.2,0.2,0.2,0.2,0.2,0.2,0.2
ROST,sp500,,,0.2,0.2,0.2,0.2,0.2,0.2,0.2,0.2,0.2,0.2
APD,sp500,,,0.2,0.2,0.2,0.2,0.2,0.2,0.2,0.2,0.2,0.2
FTNT,sp500,,,0.2,0.2,0.2,0.2,0.2,0.2,0.2,0.2,0.2,0.2
EOG,sp500,,,0.2,0.2,0.2,0.2,0.2,0.2,0.2,0.2,0.2,0.2
AFL,sp500,,,0.2,0.2,0.2,0.2,0.2,0.2,0.2,0.2,0.2,0.2
BDX,sp500,,,0.2,0.2,0.2,0.2,0.2,0.2,0.2,0.2,0.2,0.2
DLR,sp500,,,0.2,0.2,0.2,0.2,0.2,0.2,0.2,0.2,0.2,0.2
PSX,sp500,,,0.2,0.2,0.2,0.2,0.2,0.2,0.2,0.2,0.2,0.2
NXPI,sp500,,,0.2,0.2,0.2,0.2,0.2,0.2,0.2,0.2,0.2,0.2
SRE,sp500,,,0.2,0.2,0.2,0.2,0.2,0.2,0.2,0.2,0.2,0.2
O,sp500,,,0.2,0.2,0.2,0.2,0.2,0.2,0.2,0.2,0.2,0.2
CVNA,sp500,,,0.2,0.2,0.2,0.2,0.2,0.2,0.2,0.2,0.2,0.2
NDAQ,sp500,,,0.2,0.2,0.2,0.2,0.2,0.2,0.2,0.2,0.2,0.2
F,sp500,,,0.2,0.2,0.2,0.2,0.2,0.2,0.2,0.2,0.2,0.2
BKR,sp500,,,0.2,0.2,0.2,0.2,0.2,0.2,0.2,0.2,0.2,0.2
ZTS,sp500,,,0.2,0.2,0.2,0.2,0.2,0.2,0.2,0.2,0.2,0.2
VLO,sp500,,,0.2,0.2,0.2,0.2,0.2,0.2,0.2,0.2,0.2,0.2
ADSK,sp500,,,0.2,0.2,0.2,0.2,0.2,0.2,0.2,0.2,0.2,0.2
MPWR,sp500,,,0.2,0.2,0.2,0.2,0.2,0.2,0.2,0.2,0.2,0.2
VST,sp500,,,0.2,0.2,0.2,0.2,0.2,0.2,0.2,0.2,0.2,0.2
IDXX,sp500,,,0.2,0.2,0.2,0.2,0.2,0.2,0.2,0.2,0.2,0.2
MPC,sp500,,,0.2,0.2,0.2,0.2,0.2,0.2,0.2,0.2,0.2,0.2
ALL,sp500,,,0.2,0.2,0.2,0.2,0.2,0.2,0.2,0.2,0.2,0.2
MET,sp500,,,0.2,0.2,0.2,0.2,0.2,0.2,0.2,0.2,0.2,0.2
AME,sp500,,,0.2,0.2,0.2,0.2,0.2,0.2,0.2,0.2,0.2,0.2
D,sp500,,,0.2,0.2,0.2,0.2,0.2,0.2,0.2,0.2,0.2,0.2
GWW,sp500,,,0.2,0.2,0.2,0.2,0.2,0.2,0.2,0.2,0.2,0.2
CMG,sp500,,,0.2,0.2,0.2,0.2,0.2,0.2,0.2,0.2,0.2,0.2
CAH,sp500,,,0.2,0.2,0.2,0.2,0.2,0.2,0.2,0.2,0.2,0.2
EA,sp500,,,0.2,0.2,0.2,0.2,0.2,0.2,0.2,0.2,0.2,0.2
COIN,sp500,,,0.2,0.2,0.2,0.2,0.2,0.2,0.2,0.2,0.2,0.2
CBRE,sp500,,,0.2,0.2,0.2,0.2,0.2,0.2,0.2,0.2,0.2,0.2
CARR,sp500,,,0.2,0.2,0.2,0.2,0.2,0.2,0.2,0.2,0.2,0.2
FAST,sp500,,,0.2,0.2,0.2,0.2,0.2,0.2,0.2,0.2,0.2,0.2
URI,sp500,,,0.2,0.2,0.2,0.2,0.2,0.2,0.2,0.2,0.2,0.2
CTVA,sp500,,,0.2,0.2,0.2,0.2,0.2,0.2,0.2,0.2,0.2,0.2
PYPL,sp500,,,0.2,0.2,0.2,0.2,0.2,0.2,0.2,0.2,0.2,0.2
OKE,sp500,,,0.2,0.2,0.2,0.2,0.2,0.2,0.2,0.2,0.2,0.2
PSA,sp500,,,0.2,0.2,0.2,0.2,0.2,0.2,0.2,0.2,0.2,0.2
AMP,sp500,,,0.2,0.2,0.2,0.2,0.2,0.2,0.2,0.2,0.2,0.2
TGT,sp500,,,0.2,0.2,0.2,0.2,0.2,0.2,0.2,0.2,0.2,0.2
EW,sp500,,,0.2,0.2,0.2,0.2,0.2,0.2,0.2,0.2,0.2,0.2
ROK,sp500,,,0.2,0.2,0.2,0.2,0.2,0.2,0.2,0.2,0.2,0.2
WDAY,sp500,,,0.2,0.2,0.2,0.2,0.2,0.2,0.2,0.2,0.2,0.2
FANG,sp500,,,0.2,0.2,0.2,0.2,0.2,0.2,0.2,0.2,0.2,0.2
DDOG,sp500,,,0.2,0.2,0.2,0.2,0.2,0.2,0.2,0.2,0.2,0.2
EXC,sp500,,,0.2,0.2,0.2,0.2,0.2,0.2,0.2,0.2,0.2,0.2
XEL,sp500,,,0.2,0.2,0.2,0.2,0.2,0.2,0.2,0.2,0.2,0.2
MSCI,sp500,,,0.2,0.2,0.2,0.2,0.2,0.2,0.2,0.2,0.2,0.2
OXY,sp500,,,0.2,0.2,0.2,0.2,0.2,0.2,0.2,0.2,0.2,0.2
DAL,sp500,,,0.2,0.2,0.2,0.2,0.2,0.2,0.2,0.2,0.2,0.2
DHI,sp500,,,0.2,0.2,0.2,0.2,0.2,0.2,0.2,0.2,0.2,0.2
ETR,sp500,,,0.2,0.2,0.2,0.2,0.2,0.2,0.2,0.2,0.2,0.2
YUM,sp500,,,0.2,0.2,0.2,0.2,0.2,0.2,0.2,0.2,0.2,0.2
TRGP,sp500,,,0.2,0.2,0.2,0.2,0.2,0.2,0.2,0.2,0.2,0.2
EL,sp500,,,0.2,0.2,0.2,0.2,0.2,0.2,0.2,0.2,0.2,0.2
CCL,sp500,,,0.2,0.2,0.2,0.2,0.2,0.2,0.2,0.2,0.2,0.2
EBAY,sp500,,,0.2,0.2,0.2,0.2,0.2,0.2,0.2,0.2,0.2,0.2
PEG,sp500,,,0.2,0.2,0.2,0.2,0.2,0.2,0.2,0.2,0.2,0.2
TTWO,sp500,,,0.2,0.2,0.2,0.2,0.2,0.2,0.2,0.2,0.2,0.2
NUE,sp500,,,0.2,0.2,0.2,0.2,0.2,0.2,0.2,0.2,0.2,0.2
AIG,sp500,,,0.2,0.2,0.2,0.2,0.2,0.2,0.2,0.2,0.2,0.2
FIX,sp500,,,0.2,0.2,0.2,0.2,0.2,0.2,0.2,0.2,0.2,0.2
MCHP,sp500,,,0.2,0.2,0.2,0.2,0.2,0.2,0.2,0.2,0.2,0.2
SYY,sp500,,,0.2,0.2,0.2,0.2,0.2,0.2,0.2,0.2,0.2,0.2
KR,sp500,,,0.2,0.2,0.2,0.2,0.2,0.2,0.2,0.2,0.2,0.2
VMC,sp500,,,0.2,0.2,0.2,0.2,0.2,0.2,0.2,0.2,0.2,0.2
HSY,sp500,,,0.2,0.2,0.2,0.2,0.2,0.2,0.2,0.2,0.2,0.2
CTSH,sp500,,,0.2,0.2,0.2,0.2,0.2,0.2,0.2,0.2,0.2,0.2
ROP,sp500,,,0.2,0.2,0.2,0.2,0.2,0.2,0.2,0.2,0.2,0.2
WAB,sp500,,,0.2,0.2,0.2,0.2,0.2,0.2,0.2,0.2,0.2,0.2
MLM,sp500,,,0.2,0.2,0.2,0.2,0.2,0.2,0.2,0.2,0.2,0.2
CPRT,sp500,,,0.2,0.2,0.2,0.2,0.2,0.2,0.2,0.2,0.2,0.2
PRU,sp500,,,0.2,0.2,0.2,0.2,0.2,0.2,0.2,0.2,0.2,0.2
GRMN,sp500,,,0.2,0.2,0.2,0.2,0.2,0.2,0.2,0.2,0.2,0.2
IQV,sp500,,,0.2,0.2,0.2,0.2,0.2,0.2,0.2,0.2,0.2,0.2
ED,sp500,,,0.2,0.2,0.2,0.2,0.2,0.2,0.2,0.2,0.2,0.2
AXON,sp500,,,0.2,0.2,0.2,0.2,0.2,0.2,0.2,0.2,0.2,0.2
CCI,sp500,,,0.2,0.2,0.2,0.2,0.2,0.2,0.2,0.2,0.2,0.2
TER,sp500,,,0.2,0.2,0.2,0.2,0.2,0.2,0.2,0.2,0.2,0.2
RMD,sp500,,,0.2,0.2,0.2,0.2,0.2,0.2,0.2,0.2,0.2,0.2
HIG,sp500,,,0.2,0.2,0.2,0.2,0.2,0.2,0.2,0.2,0.2,0.2
A,sp500,,,0.2,0.2,0.2,0.2,0.2,0.2,0.2,0.2,0.2,0.2
KDP,sp500,,,0.2,0.2,0.2,0.2,0.2,0.2,0.2,0.2,0.2,0.2
KEYS,sp500,,,0.2,0.2,0.2,0.2,0.2,0.2,0.2,0.2,0.2,0.2
PAYX,sp500,,,0.2,0.2,0.2,0.2,0.2,0.2,0.2,0.2,0.2,0.2
VTR,sp500,,,0.2,0.2,0.2,0.2,0.2,0.2,0.2,0.2,0.2,0.2
STT,sp500,,,0.2,0.2,0.2,0.2,0.2,0.2,0.2,0.2,0.2,0.2
XYZ,sp500,,,0.2,0.2,0.2,0.2,0.2,0.2,0.2,0.2,0.2,0.2
WEC,sp500,,,0.2,0.2,0.2,0.2,0.2,0.2,0.2,0.2,0.2,0.2
GEHC,sp500,,,0.2,0.2,0.2,0.2,0.2,0.2,0.2,0.2,0.2,0.2
ODFL,sp500,,,0.2,0.2,0.2,0.2,0.2,0.2,0.2,0.2,0.2,0.2
LVS,sp500,,,0.2,0.2,0.2,0.2,0.2,0.2,0.2,0.2,0.2,0.2
ACGL,sp500,,,0.2,0.2,0.2,0.2,0.2,0.2,0.2,0.2,0.2,0.2
FICO,sp500,,,0.2,0.2,0.2,0.2,0.2,0.2,0.2,0.2,0.2,0.2
EQT,sp500,,,0.2,0.2,0.2,0.2,0.2,0.2,0.2,0.2,0.2,0.2
FISV,sp500,,,0.2,0.2,0.2,0.2,0.2,0.2,0.2,0.2,0.2,0.2
IR,sp500,,,0.2,0.2,0.2,0.2,0.2,0.2,0.2,0.2,0.2,0.2
PCG,sp500,,,0.2,0.2,0.2,0.2,0.2,0.2,0.2,0.2,0.2,0.2
LYV,sp500,,,0.2,0.2,0.2,0.2,0.2,0.2,0.2,0.2,0.2,0.2
MTB,sp500,,,0.2,0.2,0.2,0.2,0.2,0.2,0.2,0.2,0.2,0.2
KVUE,sp500,,,0.2,0.2,0.2,0.2,0.2,0.2,0.2,0.2,0.2,0.2
UAL,sp500,,,0.2,0.2,0.2,0.2,0.2,0.2,0.2,0.2,0.2,0.2
XYL,sp500,,,0.2,0.2,0.2,0.2,0.2,0.2,0.2,0.2,0.2,0.2
IBKR,sp500,,,0.2,0.2,0.2,0.2,0.2,0.2,0.2,0.2,0.2,0.2
KMB,sp500,,,0.2,0.2,0.2,0.2,0.2,0.2,0.2,0.2,0.2,0.2
OTIS,sp500,,,0.2,0.2,0.2,0.2,0.2,0.2,0.2,0.2,0.2,0.2
ARES,sp500,,,0.2,0.2,0.2,0.2,0.2,0.2,0.2,0.2,0.2,0.2
EXPE,sp500,,,0.2,0.2,0.2,0.2,0.2,0.2,0.2,0.2,0.2,0.2
RJF,sp500,,,0.2,0.2,0.2,0.2,0.2,0.2,0.2,0.2,0.2,0.2
FITB,sp500,,,0.2,0.2,0.2,0.2,0.2,0.2,0.2,0.2,0.2,0.2
ADM,sp500,,,0.2,0.2,0.2,0.2,0.2,0.2,0.2,0.2,0.2,0.2
EME,sp500,,,0.2,0.2,0.2,0.2,0.2,0.2,0.2,0.2,0.2,0.2
DG,sp500,,,0.2,0.2,0.2,0.2,0.2,0.2,0.2,0.2,0.2,0.2
WTW,sp500,,,0.2,0.2,0.2,0.2,0.2,0.2,0.2,0.2,0.2,0.2
ROL,sp500,,,0.2,0.2,0.2,0.2,0.2,0.2,0.2,0.2,0.2,0.2
VRSK,sp500,,,0.2,0.2,0.2,0.2,0.2,0.2,0.2,0.2,0.2,0.2
VICI,sp500,,,0.2,0.2,0.2,0.2,0.2,0.2,0.2,0.2,0.2,0.2
EXR,sp500,,,0.2,0.2,0.2,0.2,0.2,0.2,0.2,0.2,0.2,0.2
NRG,sp500,,,0.2,0.2,0.2,0.2,0.2,0.2,0.2,0.2,0.2,0.2
FIS,sp500,,,0.2,0.2,0.2,0.2,0.2,0.2,0.2,0.2,0.2,0.2
TDY,sp500,,,0.2,0.2,0.2,0.2,0.2,0.2,0.2,0.2,0.2,0.2
ULTA,sp500,,,0.2,0.2,0.2,0.2,0.2,0.2,0.2,0.2,0.2,0.2
HPE,sp500,,,0.2,0.2,0.2,0.2,0.2,0.2,0.2,0.2,0.2,0.2
DXCM,sp500,,,0.2,0.2,0.2,0.2,0.2,0.2,0.2,0.2,0.2,0.2
KHC,sp500,,,0.2,0.2,0.2,0.2,0.2,0.2,0.2,0.2,0.2,0.2
AEE,sp500,,,0.2,0.2,0.2,0.2,0.2,0.2,0.2,0.2,0.2,0.2
DTE,sp500,,,0.2,0.2,0.2,0.2,0.2,0.2,0.2,0.2,0.2,0.2
MTD,sp500,,,0.2,0.2,0.2,0.2,0.2,0.2,0.2,0.2,0.2,0.2
NTRS,sp500,,,0.2,0.2,0.2,0.2,0.2,0.2,0.2,0.2,0.2,0.2
HAL,sp500,,,0.2,0.2,0.2,0.2,0.2,0.2,0.2,0.2,0.2,0.2
DOV,sp500,,,0.2,0.2,0.2,0.2,0.2,0.2,0.2,0.2,0.2,0.2
FE,sp500,,,0.2,0.2,0.2,0.2,0.2,0.2,0.2,0.2,0.2,0.2
IRM,sp500,,,0.2,0.2,0.2,0.2,0.2,0.2,0.2,0.2,0.2,0.2
CBOE,sp500,,,0.2,0.2,0.2,0.2,0.2,0.2,0.2,0.2,0.2,0.2
HBAN,sp500,,,0.2,0.2,0.2,0.2,0.2,0.2,0.2,0.2,0.2,0.2
CFG,sp500,,,0.2,0.2,0.2,0.2,0.2,0.2,0.2,0.2,0.2,0.2
STZ,sp500,,,0.2,0.2,0.2,0.2,0.2,0.2,0.2,0.2,0.2,0.2
LEN,sp500,,,0.2,0.2,0.2,0.2,0.2,0.2,0.2,0.2,0.2,0.2
ATO,sp500,,,0.2,0.2,0.2,0.2,0.2,0.2,0.2,0.2,0.2,0.2
TSCO,sp500,,,0.2,0.2,0.2,0.2,0.2,0.2,0.2,0.2,0.2,0.2
PPL,sp500,,,0.2,0.2,0.2,0.2,0.2,0.2,0.2,0.2,0.2,0.2
BIIB,sp500,,,0.2,0.2,0.2,0.2,0.2,0.2,0.2,0.2,0.2,0.2
STLD,sp500,,,0.2,0.2,0.2,0.2,0.2,0.2,0.2,0.2,0.2,0.2
CHTR,sp500,,,0.2,0.2,0.2,0.2,0.2,0.2,0.2,0.2,0.2,0.2
EXE,sp500,,,0.2,0.2,0.2,0.2,0.2,0.2,0.2,0.2,0.2,0.2
CSGP,sp500,,,0.2,0.2,0.2,0.2,0.2,0.2,0.2,0.2,0.2,0.2
TPR,sp500,,,0.2,0.2,0.2,0.2,0.2,0.2,0.2,0.2,0.2,0.2
ES,sp500,,,0.2,0.2,0.2,0.2,0.2,0.2,0.2,0.2,0.2,0.2
WRB,sp500,,,0.2,0.2,0.2,0.2,0.2,0.2,0.2,0.2,0.2,0.2
PPG,sp500,,,0.2,0.2,0.2,0.2,0.2,0.2,0.2,0.2,0.2,0.2
CNP,sp500,,,0.2,0.2,0.2,0.2,0.2,0.2,0.2,0.2,0.2,0.2
HUBB,sp500,,,0.2,0.2,0.2,0.2,0.2,0.2,0.2,0.2,0.2,0.2
STE,sp500,,,0.2,0.2,0.2,0.2,0.2,0.2,0.2,0.2,0.2,0.2
AWK,sp500,,,0.2,0.2,0.2,0.2,0.2,0.2,0.2,0.2,0.2,0.2
CINF,sp500,,,0.2,0.2,0.2,0.2,0.2,0.2,0.2,0.2,0.2,0.2
SYF,sp500,,,0.2,0.2,0.2,0.2,0.2,0.2,0.2,0.2,0.2,0.2
LUV,sp500,,,0.2,0.2,0.2,0.2,0.2,0.2,0.2,0.2,0.2,0.2
AVB,sp500,,,0.2,0.2,0.2,0.2,0.2,0.2,0.2,0.2,0.2,0.2
JBL,sp500,,,0.2,0.2,0.2,0.2,0.2,0.2,0.2,0.2,0.2,0.2
RF,sp500,,,0.2,0.2,0.2,0.2,0.2,0.2,0.2,0.2,0.2,0.2
GIS,sp500,,,0.2,0.2,0.2,0.2,0.2,0.2,0.2,0.2,0.2,0.2
VLTO,sp500,,,0.2,0.2,0.2,0.2,0.2,0.2,0.2,0.2,0.2,0.2
DVN,sp500,,,0.2,0.2,0.2,0.2,0.2,0.2,0.2,0.2,0.2,0.2
EFX,sp500,,,0.2,0.2,0.2,0.2,0.2,0.2,0.2,0.2,0.2,0.2
PHM,sp500,,,0.2,0.2,0.2,0.2,0.2,0.2,0.2,0.2,0.2,0.2
WSM,sp500,,,0.2,0.2,0.2,0.2,0.2,0.2,0.2,0.2,0.2,0.2
BRO,sp500,,,0.2,0.2,0.2,0.2,0.2,0.2,0.2,0.2,0.2,0.2
FSLR,sp500,,,0.2,0.2,0.2,0.2,0.2,0.2,0.2,0.2,0.2,0.2
OMC,sp500,,,0.2,0.2,0.2,0.2,0.2,0.2,0.2,0.2,0.2,0.2
EIX,sp500,,,0.2,0.2,0.2,0.2,0.2,0.2,0.2,0.2,0.2,0.2
LDOS,sp500,,,0.2,0.2,0.2,0.2,0.2,0.2,0.2,0.2,0.2,0.2
ON,sp500,,,0.2,0.2,0.2,0.2,0.2,0.2,0.2,0.2,0.2,0.2
EQR,sp500,,,0.2,0.2,0.2,0.2,0.2,0.2,0.2,0.2,0.2,0.2
TPL,sp500,,,0.2,0.2,0.2,0.2,0.2,0.2,0.2,0.2,0.2,0.2
KEY,sp500,,,0.2,0.2,0.2,0.2,0.2,0.2,0.2,0.2,0.2,0.2
DLTR,sp500,,,0.2,0.2,0.2,0.2,0.2,0.2,0.2,0.2,0.2,0.2
TSN,sp500,,,0.2,0.2,0.2,0.2,0.2,0.2,0.2,0.2,0.2,0.2
CPAY,sp500,,,0.2,0.2,0.2,0.2,0.2,0.2,0.2,0.2,0.2,0.2
TROW,sp500,,,0.2,0.2,0.2,0.2,0.2,0.2,0.2,0.2,0.2,0.2
CHRW,sp500,,,0.2,0.2,0.2,0.2,0.2,0.2,0.2,0.2,0.2,0.2
DRI,sp500,,,0.2,0.2,0.2,0.2,0.2,0.2,0.2,0.2,0.2,0.2
CHD,sp500,,,0.2,0.2,0.2,0.2,0.2,0.2,0.2,0.2,0.2,0.2
HUM,sp500,,,0.2,0.2,0.2,0.2,0.2,0.2,0.2,0.2,0.2,0.2
LH,sp500,,,0.2,0.2,0.2,0.2,0.2,0.2,0.2,0.2,0.2,0.2
BR,sp500,,,0.2,0.2,0.2,0.2,0.2,0.2,0.2,0.2,0.2,0.2
VRSN,sp500,,,0.2,0.2,0.2,0.2,0.2,0.2,0.2,0.2,0.2,0.2
WAT,sp500,,,0.2,0.2,0.2,0.2,0.2,0.2,0.2,0.2,0.2,0.2
CMS,sp500,,,0.2,0.2,0.2,0.2,0.2,0.2,0.2,0.2,0.2,0.2
L,sp500,,,0.2,0.2,0.2,0.2,0.2,0.2,0.2,0.2,0.2,0.2
BG,sp500,,,0.2,0.2,0.2,0.2,0.2,0.2,0.2,0.2,0.2,0.2
SW,sp500,,,0.2,0.2,0.2,0.2,0.2,0.2,0.2,0.2,0.2,0.2
EXPD,sp500,,,0.2,0.2,0.2,0.2,0.2,0.2,0.2,0.2,0.2,0.2
RL,sp500,,,0.2,0.2,0.2,0.2,0.2,0.2,0.2,0.2,0.2,0.2
IP,sp500,,,0.2,0.2,0.2,0.2,0.2,0.2,0.2,0.2,0.2,0.2
CTRA,sp500,,,0.2,0.2,0.2,0.2,0.2,0.2,0.2,0.2,0.2,0.2
CNC,sp500,,,0.2,0.2,0.2,0.2,0.2,0.2,0.2,0.2,0.2,0.2
NI,sp500,,,0.2,0.2,0.2,0.2,0.2,0.2,0.2,0.2,0.2,0.2
DGX,sp500,,,0.2,0.2,0.2,0.2,0.2,0.2,0.2,0.2,0.2,0.2
PFG,sp500,,,0.2,0.2,0.2,0.2,0.2,0.2,0.2,0.2,0.2,0.2
AMCR,sp500,,,0.2,0.2,0.2,0.2,0.2,0.2,0.2,0.2,0.2,0.2
LULU,sp500,,,0.2,0.2,0.2,0.2,0.2,0.2,0.2,0.2,0.2,0.2
NVR,sp500,,,0.2,0.2,0.2,0.2,0.2,0.2,0.2,0.2,0.2,0.2
Q,sp500,,,0.2,0.2,0.2,0.2,0.2,0.2,0.2,0.2,0.2,0.2
PKG,sp500,,,0.2,0.2,0.2,0.2,0.2,0.2,0.2,0.2,0.2,0.2
GPN,sp500,,,0.2,0.2,0.2,0.2,0.2,0.2,0.2,0.2,0.2,0.2
INCY,sp500,,,0.2,0.2,0.2,0.2,0.2,0.2,0.2,0.2,0.2,0.2
DOW,sp500,,,0.2,0.2,0.2,0.2,0.2,0.2,0.2,0.2,0.2,0.2
SBAC,sp500,,,0.2,0.2,0.2,0.2,0.2,0.2,0.2,0.2,0.2,0.2
ALB,sp500,,,0.2,0.2,0.2,0.2,0.2,0.2,0.2,0.2,0.2,0.2
JBHT,sp500,,,0.2,0.2,0.2,0.2,0.2,0.2,0.2,0.2,0.2,0.2
GPC,sp500,,,0.2,0.2,0.2,0.2,0.2,0.2,0.2,0.2,0.2,0.2
SNA,sp500,,,0.2,0.2,0.2,0.2,0.2,0.2,0.2,0.2,0.2,0.2
NTAP,sp500,,,0.2,0.2,0.2,0.2,0.2,0.2,0.2,0.2,0.2,0.2
WY,sp500,,,0.2,0.2,0.2,0.2,0.2,0.2,0.2,0.2,0.2,0.2
DD,sp500,,,0.2,0.2,0.2,0.2,0.2,0.2,0.2,0.2,0.2,0.2
PTC,sp500,,,0.2,0.2,0.2,0.2,0.2,0.2,0.2,0.2,0.2,0.2
PODD,sp500,,,0.2,0.2,0.2,0.2,0.2,0.2,0.2,0.2,0.2,0.2
IFF,sp500,,,0.2,0.2,0.2,0.2,0.2,0.2,0.2,0.2,0.2,0.2
HPQ,sp500,,,0.2,0.2,0.2,0.2,0.2,0.2,0.2,0.2,0.2,0.2
EVRG,sp500,,,0.2,0.2,0.2,0.2,0.2,0.2,0.2,0.2,0.2,0.2
ZBH,sp500,,,0.2,0.2,0.2,0.2,0.2,0.2,0.2,0.2,0.2,0.2
SMCI,sp500,,,0.2,0.2,0.2,0.2,0.2,0.2,0.2,0.2,0.2,0.2
LII,sp500,,,0.2,0.2,0.2,0.2,0.2,0.2,0.2,0.2,0.2,0.2
DECK,sp500,,,0.2,0.2,0.2,0.2,0.2,0.2,0.2,0.2,0.2,0.2
PNR,sp500,,,0.2,0.2,0.2,0.2,0.2,0.2,0.2,0.2,0.2,0.2
MRNA,sp500,,,0.2,0.2,0.2,0.2,0.2,0.2,0.2,0.2,0.2,0.2
LNT,sp500,,,0.2,0.2,0.2,0.2,0.2,0.2,0.2,0.2,0.2,0.2
FTV,sp500,,,0.2,0.2,0.2,0.2,0.2,0.2,0.2,0.2,0.2,0.2
HOLX,sp500,,,0.2,0.2,0.2,0.2,0.2,0.2,0.2,0.2,0.2,0.2
MKC,sp500,,,0.2,0.2,0.2,0.2,0.2,0.2,0.2,0.2,0.2,0.2
WST,sp500,,,0.2,0.2,0.2,0.2,0.2,0.2,0.2,0.2,0.2,0.2
HII,sp500,,,0.2,0.2,0.2,0.2,0.2,0.2,0.2,0.2,0.2,0.2
CDW,sp500,,,0.2,0.2,0.2,0.2,0.2,0.2,0.2,0.2,0.2,0.2
INVH,sp500,,,0.2,0.2,0.2,0.2,0.2,0.2,0.2,0.2,0.2,0.2
ESS,sp500,,,0.2,0.2,0.2,0.2,0.2,0.2,0.2,0.2,0.2,0.2
TRMB,sp500,,,0.2,0.2,0.2,0.2,0.2,0.2,0.2,0.2,0.2,0.2
APTV,sp500,,,0.2,0.2,0.2,0.2,0.2,0.2,0.2,0.2,0.2,0.2
COO,sp500,,,0.2,0.2,0.2,0.2,0.2,0.2,0.2,0.2,0.2,0.2
TYL,sp500,,,0.2,0.2,0.2,0.2,0.2,0.2,0.2,0.2,0.2,0.2
J,sp500,,,0.2,0.2,0.2,0.2,0.2,0.2,0.2,0.2,0.2,0.2
TKO,sp500,,,0.2,0.2,0.2,0.2,0.2,0.2,0.2,0.2,0.2,0.2
MAA,sp500,,,0.2,0.2,0.2,0.2,0.2,0.2,0.2,0.2,0.2,0.2
LYB,sp500,,,0.2,0.2,0.2,0.2,0.2,0.2,0.2,0.2,0.2,0.2
FFIV,sp500,,,0.2,0.2,0.2,0.2,0.2,0.2,0.2,0.2,0.2,0.2
FOX,sp500,,,0.2,0.2,0.2,0.2,0.2,0.2,0.2,0.2,0.2,0.2
TXT,sp500,,,0.2,0.2,0.2,0.2,0.2,0.2,0.2,0.2,0.2,0.2
NDSN,sp500,,,0.2,0.2,0.2,0.2,0.2,0.2,0.2,0.2,0.2,0.2
BALL,sp500,,,0.2,0.2,0.2,0.2,0.2,0.2,0.2,0.2,0.2,0.2
IT,sp500,,,0.2,0.2,0.2,0.2,0.2,0.2,0.2,0.2,0.2,0.2
FOXA,sp500,,,0.2,0.2,0.2,0.2,0.2,0.2,0.2,0.2,0.2,0.2
VTRS,sp500,,,0.2,0.2,0.2,0.2,0.2,0.2,0.2,0.2,0.2,0.2
IEX,sp500,,,0.2,0.2,0.2,0.2,0.2,0.2,0.2,0.2,0.2,0.2
GEN,sp500,,,0.2,0.2,0.2,0.2,0.2,0.2,0.2,0.2,0.2,0.2
ERIE,sp500,,,0.2,0.2,0.2,0.2,0.2,0.2,0.2,0.2,0.2,0.2
TTD,sp500,,,0.2,0.2,0.2,0.2,0.2,0.2,0.2,0.2,0.2,0.2
CF,sp500,,,0.2,0.2,0.2,0.2,0.2,0.2,0.2,0.2,0.2,0.2
KIM,sp500,,,0.2,0.2,0.2,0.2,0.2,0.2,0.2,0.2,0.2,0.2
ALLE,sp500,,,0.2,0.2,0.2,0.2,0.2,0.2,0.2,0.2,0.2,0.2
AVY,sp500,,,0.2,0.2,0.2,0.2,0.2,0.2,0.2,0.2,0.2,0.2
AKAM,sp500,,,0.2,0.2,0.2,0.2,0.2,0.2,0.2,0.2,0.2,0.2
EG,sp500,,,0.2,0.2,0.2,0.2,0.2,0.2,0.2,0.2,0.2,0.2
DPZ,sp500,,,0.2,0.2,0.2,0.2,0.2,0.2,0.2,0.2,0.2,0.2
BEN,sp500,,,0.2,0.2,0.2,0.2,0.2,0.2,0.2,0.2,0.2,0.2
CLX,sp500,,,0.2,0.2,0.2,0.2,0.2,0.2,0.2,0.2,0.2,0.2
MAS,sp500,,,0.2,0.2,0.2,0.2,0.2,0.2,0.2,0.2,0.2,0.2
GDDY,sp500,,,0.2,0.2,0.2,0.2,0.2,0.2,0.2,0.2,0.2,0.2
HRL,sp500,,,0.2,0.2,0.2,0.2,0.2,0.2,0.2,0.2,0.2,0.2
BBY,sp500,,,0.2,0.2,0.2,0.2,0.2,0.2,0.2,0.2,0.2,0.2
SOLV,sp500,,,0.2,0.2,0.2,0.2,0.2,0.2,0.2,0.2,0.2,0.2
REG,sp500,,,0.2,0.2,0.2,0.2,0.2,0.2,0.2,0.2,0.2,0.2
JKHY,sp500,,,0.2,0.2,0.2,0.2,0.2,0.2,0.2,0.2,0.2,0.2
HST,sp500,,,0.2,0.2,0.2,0.2,0.2,0.2,0.2,0.2,0.2,0.2
UHS,sp500,,,0.2,0.2,0.2,0.2,0.2,0.2,0.2,0.2,0.2,0.2
BF.B,sp500,,,0.2,0.2,0.2,0.2,0.2,0.2,0.2,0.2,0.2,0.2
BLDR,sp500,,,0.2,0.2,0.2,0.2,0.2,0.2,0.2,0.2,0.2,0.2
HAS,sp500,,,0.2,0.2,0.2,0.2,0.2,0.2,0.2,0.2,0.2,0.2
PSKY,sp500,,,0.2,0.2,0.2,0.2,0.2,0.2,0.2,0.2,0.2,0.2
UDR,sp500,,,0.2,0.2,0.2,0.2,0.2,0.2,0.2,0.2,0.2,0.2
IVZ,sp500,,,0.2,0.2,0.2,0.2,0.2,0.2,0.2,0.2,0.2,0.2
DOC,sp500,,,0.2,0.2,0.2,0.2,0.2,0.2,0.2,0.2,0.2,0.2
SWK,sp500,,,0.2,0.2,0.2,0.2,0.2,0.2,0.2,0.2,0.2,0.2
AIZ,sp500,,,0.2,0.2,0.2,0.2,0.2,0.2,0.2,0.2,0.2,0.2
ZBRA,sp500,,,0.2,0.2,0.2,0.2,0.2,0.2,0.2,0.2,0.2,0.2
RVTY,sp500,,,0.2,0.2,0.2,0.2,0.2,0.2,0.2,0.2,0.2,0.2
ALGN,sp500,,,0.2,0.2,0.2,0.2,0.2,0.2,0.2,0.2,0.2,0.2
CPT,sp500,,,0.2,0.2,0.2,0.2,0.2,0.2,0.2,0.2,0.2,0.2
EPAM,sp500,,,0.2,0.2,0.2,0.2,0.2,0.2,0.2,0.2,0.2,0.2
SJM,sp500,,,0.2,0.2,0.2,0.2,0.2,0.2,0.2,0.2,0.2,0.2
PNW,sp500,,,0.2,0.2,0.2,0.2,0.2,0.2,0.2,0.2,0.2,0.2
WYNN,sp500,,,0.2,0.2,0.2,0.2,0.2,0.2,0.2,0.2,0.2,0.2
GL,sp500,,,0.2,0.2,0.2,0.2,0.2,0.2,0.2,0.2,0.2,0.2
DAY,sp500,,,0.2,0.2,0.2,0.2,0.2,0.2,0.2,0.2,0.2,0.2
AES,sp500,,,0.2,0.2,0.2,0.2,0.2,0.2,0.2,0.2,0.2,0.2
CRL,sp500,,,0.2,0.2,0.2,0.2,0.2,0.2,0.2,0.2,0.2,0.2
BAX,sp500,,,0.2,0.2,0.2,0.2,0.2,0.2,0.2,0.2,0.2,0.2
BXP,sp500,,,0.2,0.2,0.2,0.2,0.2,0.2,0.2,0.2,0.2,0.2
NWSA,sp500,,,0.2,0.2,0.2,0.2,0.2,0.2,0.2,0.2,0.2,0.2
TECH,sp500,,,0.2,0.2,0.2,0.2,0.2,0.2,0.2,0.2,0.2,0.2
NCLH,sp500,,,0.2,0.2,0.2,0.2,0.2,0.2,0.2,0.2,0.2,0.2
AOS,sp500,,,0.2,0.2,0.2,0.2,0.2,0.2,0.2,0.2,0.2,0.2
GNRC,sp500,,,0.2,0.2,0.2,0.2,0.2,0.2,0.2,0.2,0.2,0.2
TAP,sp500,,,0.2,0.2,0.2,0.2,0.2,0.2,0.2,0.2,0.2,0.2
POOL,sp500,,,0.2,0.2,0.2,0.2,0.2,0.2,0.2,0.2,0.2,0.2
FDS,sp500,,,0.2,0.2,0.2,0.2,0.2,0.2,0.2,0.2,0.2,0.2
ARE,sp500,,,0.2,0.2,0.2,0.2,0.2,0.2,0.2,0.2,0.2,0.2
MGM,sp500,,,0.2,0.2,0.2,0.2,0.2,0.2,0.2,0.2,0.2,0.2
MOH,sp500,,,0.2,0.2,0.2,0.2,0.2,0.2,0.2,0.2,0.2,0.2
APA,sp500,,,0.2,0.2,0.2,0.2,0.2,0.2,0.2,0.2,0.2,0.2
CAG,sp500,,,0.2,0.2,0.2,0.2,0.2,0.2,0.2,0.2,0.2,0.2
HSIC,sp500,,,0.2,0.2,0.2,0.2,0.2,0.2,0.2,0.2,0.2,0.2
MOS,sp500,,,0.2,0.2,0.2,0.2,0.2,0.2,0.2,0.2,0.2,0.2
FRT,sp500,,,0.2,0.2,0.2,0.2,0.2,0.2,0.2,0.2,0.2,0.2
CPB,sp500,,,0.2,0.2,0.2,0.2,0.2,0.2,0.2,0.2,0.2,0.2
SWKS,sp500,,,0.2,0.2,0.2,0.2,0.2,0.2,0.2,0.2,0.2,0.2
DVA,sp500,,,0.2,0.2,0.2,0.2,0.2,0.2,0.2,0.2,0.2,0.2
PAYC,sp500,,,0.2,0.2,0.2,0.2,0.2,0.2,0.2,0.2,0.2,0.2
MTCH,sp500,,,0.2,0.2,0.2,0.2,0.2,0.2,0.2,0.2,0.2,0.2
LW,sp500,,,0.2,0.2,0.2,0.2,0.2,0.2,0.2,0.2,0.2,0.2
NWS,sp500,,,0.2,0.2,0.2,0.2,0.2,0.2,0.2,0.2,0.2,0.2
NVDA,nasdaq100,,,0.2,0.2,0.2,0.2,0.2,0.2,0.2,0.2,0.2,0.2
AAPL,nasdaq100,,,0.2,0.2,0.2,0.2,0.2,0.2,0.2,0.2,0.2,0.2
MSFT,nasdaq100,,,0.2,0.2,0.2,0.2,0.2,0.2,0.2,0.2,0.2,0.2
AMZN,nasdaq100,,,0.2,0.2,0.2,0.2,0.2,0.2,0.2,0.2,0.2,0.2
GOOGL,nasdaq100,,,0.2,0.2,0.2,0.2,0.2,0.2,0.2,0.2,0.2,0.2
GOOG,nasdaq100,,,0.2,0.2,0.2,0.2,0.2,0.2,0.2,0.2,0.2,0.2
META,nasdaq100,,,0.2,0.2,0.2,0.2,0.2,0.2,0.2,0.2,0.2,0.2
TSLA,nasdaq100,,,0.2,0.2,0.2,0.2,0.2,0.2,0.2,0.2,0.2,0.2
AVGO,nasdaq100,,,0.2,0.2,0.2,0.2,0.2,0.2,0.2,0.2,0.2,0.2
WMT,nasdaq100,,,0.2,0.2,0.2,0.2,0.2,0.2,0.2,0.2,0.2,0.2
ASML,nasdaq100,,,0.2,0.2,0.2,0.2,0.2,0.2,0.2,0.2,0.2,0.2
MU,nasdaq100,,,0.2,0.2,0.2,0.2,0.2,0.2,0.2,0.2,0.2,0.2
COST,nasdaq100,,,0.2,0.2,0.2,0.2,0.2,0.2,0.2,0.2,0.2,0.2
AMD,nasdaq100,,,0.2,0.2,0.2,0.2,0.2,0.2,0.2,0.2,0.2,0.2
PLTR,nasdaq100,,,0.2,0.2,0.2,0.2,0.2,0.2,0.2,0.2,0.2,0.2
NFLX,nasdaq100,,,0.2,0.2,0.2,0.2,0.2,0.2,0.2,0.2,0.2,0.2
CSCO,nasdaq100,,,0.2,0.2,0.2,0.2,0.2,0.2,0.2,0.2,0.2,0.2
LRCX,nasdaq100,,,0.2,0.2,0.2,0.2,0.2,0.2,0.2,0.2,0.2,0.2
AMAT,nasdaq100,,,0.2,0.2,0.2,0.2,0.2,0.2,0.2,0.2,0.2,0.2
INTC,nasdaq100,,,0.2,0.2,0.2,0.2,0.2,0.2,0.2,0.2,0.2,0.2
TMUS,nasdaq100,,,0.2,0.2,0.2,0.2,0.2,0.2,0.2,0.2,0.2,0.2
LIN,nasdaq100,,,0.2,0.2,0.2,0.2,0.2,0.2,0.2,0.2,0.2,0.2
PEP,nasdaq100,,,0.2,0.2,0.2,0.2,0.2,0.2,0.2,0.2,0.2,0.2
TXN,nasdaq100,,,0.2,0.2,0.2,0.2,0.2,0.2,0.2,0.2,0.2,0.2
KLAC,nasdaq100,,,0.2,0.2,0.2,0.2,0.2,0.2,0.2,0.2,0.2,0.2
AMGN,nasdaq100,,,0.2,0.2,0.2,0.2,0.2,0.2,0.2,0.2,0.2,0.2
ISRG,nasdaq100,,,0.2,0.2,0.2,0.2,0.2,0.2,0.2,0.2,0.2,0.2
GILD,nasdaq100,,,0.2,0.2,0.2,0.2,0.2,0.2,0.2,0.2,0.2,0.2
SHOP,nasdaq100,,,0.2,0.2,0.2,0.2,0.2,0.2,0.2,0.2,0.2,0.2
APP,nasdaq100,,,0.2,0.2,0.2,0.2,0.2,0.2,0.2,0.2,0.2,0.2
BKNG,nasdaq100,,,0.2,0.2,0.2,0.2,0.2,0.2,0.2,0.2,0.2,0.2
QCOM,nasdaq100,,,0.2,0.2,0.2,0.2,0.2,0.2,0.2,0.2,0.2,0.2
ADI,nasdaq100,,,0.2,0.2,0.2,0.2,0.2,0.2,0.2,0.2,0.2,0.2
PDD,nasdaq100,,,0.2,0.2,0.2,0.2,0.2,0.2,0.2,0.2,0.2,0.2
HON,nasdaq100,,,0.2,0.2,0.2,0.2,0.2,0.2,0.2,0.2,0.2,0.2
INTU,nasdaq100,,,0.2,0.2,0.2,0.2,0.2,0.2,0.2,0.2,0.2,0.2
PANW,nasdaq100,,,0.2,0.2,0.2,0.2,0.2,0.2,0.2,0.2,0.2,0.2
ADBE,nasdaq100,,,0.2,0.2,0.2,0.2,0.2,0.2,0.2,0.2,0.2,0.2
VRTX,nasdaq100,,,0.2,0.2,0.2,0.2,0.2,0.2,0.2,0.2,0.2,0.2
CRWD,nasdaq100,,,0.2,0.2,0.2,0.2,0.2,0.2,0.2,0.2,0.2,0.2
ARM,nasdaq100,,,0.2,0.2,0.2,0.2,0.2,0.2,0.2,0.2,0.2,0.2
MELI,nasdaq100,,,0.2,0.2,0.2,0.2,0.2,0.2,0.2,0.2,0.2,0.2
CMCSA,nasdaq100,,,0.2,0.2,0.2,0.2,0.2,0.2,0.2,0.2,0.2,0.2
SBUX,nasdaq100,,,0.2,0.2,0.2,0.2,0.2,0.2,0.2,0.2,0.2,0.2
CEG,nasdaq100,,,0.2,0.2,0.2,0.2,0.2,0.2,0.2,0.2,0.2,0.2
ADP,nasdaq100,,,0.2,0.2,0.2,0.2,0.2,0.2,0.2,0.2,0.2,0.2
SNPS,nasdaq100,,,0.2,0.2,0.2,0.2,0.2,0.2,0.2,0.2,0.2,0.2
DASH,nasdaq100,,,0.2,0.2,0.2,0.2,0.2,0.2,0.2,0.2,0.2,0.2
STX,nasdaq100,,,0.2,0.2,0.2,0.2,0.2,0.2,0.2,0.2,0.2,0.2
MAR,nasdaq100,,,0.2,0.2,0.2,0.2,0.2,0.2,0.2,0.2,0.2,0.2
WDC,nasdaq100,,,0.2,0.2,0.2,0.2,0.2,0.2,0.2,0.2,0.2,0.2
ORLY,nasdaq100,,,0.2,0.2,0.2,0.2,0.2,0.2,0.2,0.2,0.2,0.2
CDNS,nasdaq100,,,0.2,0.2,0.2,0.2,0.2,0.2,0.2,0.2,0.2,0.2
MNST,nasdaq100,,,0.2,0.2,0.2,0.2,0.2,0.2,0.2,0.2,0.2,0.2
ABNB,nasdaq100,,,0.2,0.2,0.2,0.2,0.2,0.2,0.2,0.2,0.2,0.2
REGN,nasdaq100,,,0.2,0.2,0.2,0.2,0.2,0.2,0.2,0.2,0.2,0.2
CTAS,nasdaq100,,,0.2,0.2,0.2,0.2,0.2,0.2,0.2,0.2,0.2,0.2
MDLZ,nasdaq100,,,0.2,0.2,0.2,0.2,0.2,0.2,0.2,0.2,0.2,0.2
CSX,nasdaq100,,,0.2,0.2,0.2,0.2,0.2,0.2,0.2,0.2,0.2,0.2
WBD,nasdaq100,,,0.2,0.2,0.2,0.2,0.2,0.2,0.2,0.2,0.2,0.2
MRVL,nasdaq100,,,0.2,0.2,0.2,0.2,0.2,0.2,0.2,0.2,0.2,0.2
PCAR,nasdaq100,,,0.2,0.2,0.2,0.2,0.2,0.2,0.2,0.2,0.2,0.2
AEP,nasdaq100,,,0.2,0.2,0.2,0.2,0.2,0.2,0.2,0.2,0.2,0.2
ROST,nasdaq100,,,0.2,0.2,0.2,0.2,0.2,0.2,0.2,0.2,0.2,0.2
FTNT,nasdaq100,,,0.2,0.2,0.2,0.2,0.2,0.2,0.2,0.2,0.2,0.2
NXPI,nasdaq100,,,0.2,0.2,0.2,0.2,0.2,0.2,0.2,0.2,0.2,0.2
BKR,nasdaq100,,,0.2,0.2,0.2,0.2,0.2,0.2,0.2,0.2,0.2,0.2
ADSK,nasdaq100,,,0.2,0.2,0.2,0.2,0.2,0.2,0.2,0.2,0.2,0.2
MPWR,nasdaq100,,,0.2,0.2,0.2,0.2,0.2,0.2,0.2,0.2,0.2,0.2
IDXX,nasdaq100,,,0.2,0.2,0.2,0.2,0.2,0.2,0.2,0.2,0.2,0.2
EA,nasdaq100,,,0.2,0.2,0.2,0.2,0.2,0.2,0.2,0.2,0.2,0.2
FAST,nasdaq100,,,0.2,0.2,0.2,0.2,0.2,0.2,0.2,0.2,0.2,0.2
PYPL,nasdaq100,,,0.2,0.2,0.2,0.2,0.2,0.2,0.2,0.2,0.2,0.2
TRI,nasdaq100,,,0.2,0.2,0.2,0.2,0.2,0.2,0.2,0.2,0.2,0.2
FER,nasdaq100,,,0.2,0.2,0.2,0.2,0.2,0.2,0.2,0.2,0.2,0.2
WDAY,nasdaq100,,,0.2,0.2,0.2,0.2,0.2,0.2,0.2,0.2,0.2,0.2
FANG,nasdaq100,,,0.2,0.2,0.2,0.2,0.2,0.2,0.2,0.2,0.2,0.2
DDOG,nasdaq100,,,0.2,0.2,0.2,0.2,0.2,0.2,0.2,0.2,0.2,0.2
EXC,nasdaq100,,,0.2,0.2,0.2,0.2,0.2,0.2,0.2,0.2,0.2,0.2
XEL,nasdaq100,,,0.2,0.2,0.2,0.2,0.2,0.2,0.2,0.2,0.2,0.2
ALNY,nasdaq100,,,0.2,0.2,0.2,0.2,0.2,0.2,0.2,0.2,0.2,0.2
CCEP,nasdaq100,,,0.2,0.2,0.2,0.2,0.2,0.2,0.2,0.2,0.2,0.2
TTWO,nasdaq100,,,0.2,0.2,0.2,0.2,0.2,0.2,0.2,0.2,0.2,0.2
MCHP,nasdaq100,,,0.2,0.2,0.2,0.2,0.2,0.2,0.2,0.2,0.2,0.2
MSTR,nasdaq100,,,0.2,0.2,0.2,0.2,0.2,0.2,0.2,0.2,0.2,0.2
CTSH,nasdaq100,,,0.2,0.2,0.2,0.2,0.2,0.2,0.2,0.2,0.2,0.2
ROP,nasdaq100,,,0.2,0.2,0.2,0.2,0.2,0.2,0.2,0.2,0.2,0.2
CPRT,nasdaq100,,,0.2,0.2,0.2,0.2,0.2,0.2,0.2,0.2,0.2,0.2
AXON,nasdaq100,,,0.2,0.2,0.2,0.2,0.2,0.2,0.2,0.2,0.2,0.2
KDP,nasdaq100,,,0.2,0.2,0.2,0.2,0.2,0.2,0.2,0.2,0.2,0.2
PAYX,nasdaq100,,,0.2,0.2,0.2,0.2,0.2,0.2,0.2,0.2,0.2,0.2
GEHC,nasdaq100,,,0.2,0.2,0.2,0.2,0.2,0.2,0.2,0.2,0.2,0.2
ODFL,nasdaq100,,,0.2,0.2,0.2,0.2,0.2,0.2,0.2,0.2,0.2,0.2
INSM,nasdaq100,,,0.2,0.2,0.2,0.2,0.2,0.2,0.2,0.2,0.2,0.2
ZS,nasdaq100,,,0.2,0.2,0.2,0.2,0.2,0.2,0.2,0.2,0.2,0.2
TEAM,nasdaq100,,,0.2,0.2,0.2,0.2,0.2,0.2,0.2,0.2,0.2,0.2
VRSK,nasdaq100,,,0.2,0.2,0.2,0.2,0.2,0.2,0.2,0.2,0.2,0.2
DXCM,nasdaq100,,,0.2,0.2,0.2,0.2,0.2,0.2,0.2,0.2,0.2,0.2
KHC,nasdaq100,,,0.2,0.2,0.2,0.2,0.2,0.2,0.2,0.2,0.2,0.2
CHTR,nasdaq100,,,0.2,0.2,0.2,0.2,0.2,0.2,0.2,0.2,0.2,0.2
CSGP,nasdaq100,,,0.2,0.2,0.2,0.2,0.2,0.2,0.2,0.2,0.2,0.2
